<?xml version="1.0" encoding="UTF-8" standalone="no"?>
<!DOCTYPE log SYSTEM "logger.dtd">
<log>
<record>
  <date>2018-05-23T12:38:54</date>
  <millis>1527104334677</millis>
  <sequence>17</sequence>
  <logger>util.LogConfiguratorTest</logger>
  <level>SEVERE</level>
  <class>util.LogConfiguratorTest</class>
  <method>testMediumLevel</method>
  <thread>1</thread>
  <message>Error message</message>
</record>
<record>
  <date>2018-05-23T12:38:54</date>
  <millis>1527104334677</millis>
  <sequence>18</sequence>
  <logger>util.LogConfiguratorTest</logger>
  <level>WARNING</level>
  <class>util.LogConfiguratorTest</class>
  <method>testMediumLevel</method>
  <thread>1</thread>
  <message>Warning message</message>
</record>
</log>
